picnum	sadness	neutral	contempt	disgust	anger	surprise	fear	happiness
Hermione1.png	0.002250828	0.17033866	0.0132682212	0.0128689073	0.0009912152	0.000192951338	5.00735e-06	0.800084233
Hermione10.png	0.0113673853	0.6387341	0.000833026133	0.00215666415	6.500096e-05	0.290727	0.00106502185	0.0550517924
Hermione11.png	0.008604689	0.7819088	0.004248943	1.98476e-05	7.96683253e-06	1.79598028e-05	2.418916e-07	0.205191523
Hermione12.png	0.004660174	0.987997532	0.000434682384	2.956064e-06	6.45596e-06	3.69591035e-05	9.709986e-07	0.006860256
Hermione15.png	0.0010113233	0.9809802	0.00207074755	8.922828e-06	1.78380069e-05	0.001466471	8.190327e-06	0.0144363157
Hermione16.png	7.41147551e-06	0.001967729	2.34647032e-05	3.95010575e-05	3.64979428e-06	0.000126383369	2.05602078e-06	0.9978298
Hermione19.png	0.009932473	0.9632072	0.00401724037	0.000102826532	0.000121853831	0.00167431717	8.480928e-05	0.0208592732
Hermione2.png	6.262725e-05	0.03917146	0.00016956059	4.75153854e-07	6.562256e-08	2.30907935e-05	6.188324e-08	0.96057266
